NRFA_ID,easting,northing
1001,326202.0,954915.0
2001,299839.0,918163.0
2002,289156.0,903916.0
3001,258100.0,906200.0
3002,249136.0,892152.0
3003,240305.0,900145.0
3004,247176.0,902133.0
3005,257412.0,897418.0
3006,231577.0,910138.0
4001,248129.0,854675.0
4003,265467.0,869598.0
4004,245517.0,856292.0
4005,228649.0,852780.0
4006,220463.0,860186.0
4007,239538.0,861706.0
4008,270225.0,865187.0
4009,249292.0,858688.0
4010,222881.0,851822.0
4011,220290.0,851010.0
5001,242600.0,840500.0
5002,239034.0,840439.0
5003,235449.0,832076.0
5004,231526.0,828751.0
6001,263900.0,841000.0
6003,241600.0,816900.0
6006,237700.0,816800.0
6007,264507.0,842726.0
6008,245044.0,829976.0
6009,240218.0,817473.0
6011,237989.0,807473.0
6012,239190.0,830158.0
6013,267753.0,845238.0
7001,282558.0,833548.0
7002,301853.0,858387.0
7003,319402.0,862632.0
7004,288238.0,855059.0
7005,300541.0,848032.0
7006,313442.0,848903.0
7007,315474.0,858170.0
7008,268563.0,835166.0
7009,303930.0,855845.0
7010,297947.0,857111.0
7011,314443.0,857510.0
7012,313174.0,849606.0
8001,327785.0,843972.0
8002,288099.0,808201.0
8003,275900.0,799600.0
8004,318548.0,835197.0
8005,294691.0,819208.0
8006,331850.0,851788.0
8007,268761.0,796425.0
8008,278926.0,799629.0
8009,297722.0,824763.0
8010,303282.0,826785.0
8011,320160.0,829003.0
8013,284986.0,804711.0
8015,335500.0,839950.0
8016,317550.0,819120.0
8017,323680.0,841545.0
8018,316151.0,817523.0
8021,302232.0,816015.0
9001,353217.0,846431.0
9002,370551.0,849833.0
9003,349350.0,850614.0
9004,351934.0,837440.0
9005,337839.0,829102.0
9006,350418.0,866670.0
9007,362715.0,846967.0
9008,360750.0,865070.0
9009,372471.0,849379.0
9010,351641.0,840809.0
10001,392436.0,830912.0
10002,410113.0,848516.0
10003,394684.0,830370.0
11001,388770.0,814190.0
11002,375677.0,820150.0
11003,356818.0,817072.0
11004,372104.0,825981.0
11005,337027.0,812058.0
11006,332985.0,810480.0
12001,363482.0,795613.0
12002,379739.0,798317.0
12003,334395.0,796531.0
12004,332248.0,795485.0
12005,336423.0,794759.0
12006,335231.0,797050.0
12007,309788.0,789522.0
12008,368703.0,792800.0
12009,362411.0,783457.0
13001,382648.0,773370.0
13002,365893.0,767045.0
13003,358364.0,759176.0
13004,339574.0,758549.0
13005,365466.0,749433.0
13007,369940.0,764029.0
13008,359962.0,759665.0
13009,359152.0,768050.0
13010,363954.0,741852.0
13012,337278.0,765336.0
13017,360946.0,746641.0
14001,341452.0,715796.0
14002,347644.0,732508.0
14005,344033.0,722381.0
14006,357400.0,736101.0
14007,357606.0,735810.0
14009,322508.0,710163.0
14010,338710.0,721631.0
15001,318700.0,764700.0
15002,323000.0,760500.0
15003,308289.0,739575.0
15004,328000.0,755900.0
15005,327500.0,755800.0
15006,314750.0,736680.0
15007,292403.0,753411.0
15008,334048.0,747954.0
15010,329426.0,746595.0
15011,278529.0,748684.0
15012,294718.0,757417.0
15013,306715.0,725811.0
15014,305619.0,763026.0
15015,289228.0,731341.0
15016,278214.0,746706.0
15017,297913.0,740557.0
15018,253400.0,744800.0
15021,318095.0,740023.0
15023,301320.0,742158.0
15024,256401.0,731995.0
15025,317405.0,747165.0
15027,307480.0,733943.0
15028,309050.0,731179.0
15029,325719.0,748450.0
15030,329300.0,745815.0
15032,306973.0,733689.0
15034,290080.0,763515.0
15035,266405.0,758723.0
15038,249686.0,756965.0
15039,289227.0,771575.0
15041,261952.0,747654.0
15046,307200.0,734300.0
16001,293313.0,716652.0
16002,275383.0,721661.0
16003,276441.0,720399.0
16004,304401.0,718327.0
16007,297508.0,715379.0
17001,283180.0,681818.0
17002,336890.0,700546.0
17003,282421.0,680371.0
17004,332965.0,699649.0
17005,295194.0,679657.0
17008,311809.0,701570.0
17012,278794.0,678013.0
17015,311503.0,704113.0
17016,322026.0,698514.0
17018,315663.0,704025.0
18001,279225.0,705376.0
18002,285815.0,696073.0
18003,272519.0,701136.0
18005,278591.0,697984.0
18007,301178.0,701801.0
18008,258523.0,709613.0
18010,271411.0,695258.0
18011,277658.0,695458.0
18013,291355.0,692339.0
18014,281161.0,690814.0
18015,260205.0,706926.0
18016,246574.0,696757.0
18017,247500.0,723000.0
18018,253200.0,721900.0
18019,238729.0,704173.0
18020,246804.0,698723.0
18021,246959.0,698751.0
18022,250348.0,701341.0
18023,248000.0,725000.0
19001,316538.0,675267.0
19002,300377.0,665115.0
19003,301346.0,663841.0
19004,325208.0,661612.0
19005,308623.0,668601.0
19006,322792.0,673202.0
19007,333828.0,672327.0
19008,332488.0,662323.0
19009,302552.0,659141.0
19010,327249.0,670781.0
19011,333221.0,667577.0
19012,321190.0,668792.0
19014,311393.0,673124.0
19017,316088.0,673289.0
19020,294792.0,665548.0
19021,333843.0,667779.0
20001,359091.0,676808.0
20002,348865.0,681117.0
20003,345618.0,668891.0
20004,361000.0,682403.0
20005,345685.0,668715.0
20006,364473.0,676819.0
20007,351108.0,671699.0
20008,369732.0,677641.0
21001,308800.0,620500.0
21002,366300.0,663300.0
21003,325821.0,640017.0
21005,320597.0,639747.0
21006,349823.0,633376.0
21007,348551.0,631529.0
21008,370229.0,628038.0
21009,389836.0,647709.0
21010,358823.0,632088.0
21011,343911.0,627691.0
21012,352232.0,615869.0
21013,347932.0,637377.0
21014,310875.0,628541.0
21015,356482.0,638801.0
21016,394185.0,663565.0
21017,323413.0,613150.0
21018,320949.0,640033.0
21019,321701.0,636892.0
21020,330908.0,624757.0
21021,375227.0,635405.0
21022,388077.0,655014.0
21023,383980.0,639652.0
21024,365589.0,621368.0
21025,363417.0,624433.0
21026,327820.0,613710.0
21027,382565.0,653028.0
21028,309200.0,623400.0
21029,306300.0,621500.0
21030,323123.0,623103.0
21031,392509.0,639562.0
21032,391848.0,631028.0
21034,328950.0,624444.0
21035,390000.0,642400.0
22001,423443.0,604453.0
22002,386941.0,608343.0
22003,388665.0,607716.0
22004,421100.0,612900.0
22006,424293.0,580003.0
22007,417458.0,585790.0
22008,392500.0,606300.0
22009,406706.0,601600.0
23001,403858.0,561700.0
23002,404107.0,550791.0
23003,390555.0,573231.0
23004,385656.0,564671.0
23005,377647.0,586133.0
23006,367216.0,561064.0
23007,416815.0,558094.0
23008,386837.0,583213.0
23009,371543.0,546530.0
23010,378922.0,587885.0
23011,364442.0,594681.0
23012,380210.0,558329.0
23013,379078.0,558271.0
23014,363100.0,593500.0
23015,392400.0,572100.0
23016,425409.0,567548.0
23017,424964.0,558471.0
23018,419398.0,569862.0
23022,371262.0,587574.0
23033,386400.0,594400.0
24001,426520.0,537734.0
24002,421400.0,530700.0
24003,398366.0,539040.0
24004,411799.0,532192.0
24005,425904.0,538688.0
24006,395283.0,539084.0
24007,416505.0,546207.0
24008,417280.0,530900.0
24009,428304.0,551226.0
24011,385584.0,539487.0
25001,425923.0,513748.0
25002,393129.0,525968.0
25003,375782.0,533513.0
25004,428399.0,512942.0
25005,444431.0,512072.0
25006,403361.0,512209.0
25007,428186.0,510113.0
25008,404632.0,516641.0
25009,436442.0,510549.0
25011,385215.0,530915.0
25012,384978.0,530916.0
25018,394881.0,525019.0
25019,458466.0,508686.0
25020,429210.0,523780.0
25021,431818.0,528494.0
25022,393100.0,518200.0
25023,381394.0,528806.0
25029,445550.0,509381.0
25808,375200.0,533200.0
25809,377300.0,532700.0
25810,377200.0,533200.0
26001,506400.0,456000.0
26002,507957.0,449913.0
26003,509358.0,454867.0
26004,516540.0,467530.0
26005,513681.0,467755.0
26006,500905.0,457553.0
26007,517100.0,440300.0
26008,488996.0,431631.0
26009,506668.0,455589.0
26010,506668.0,455589.0
26011,484462.0,434397.0
26012,477976.0,437277.0
26013,501852.0,456079.0
26014,502300.0,458300.0
26802,490400.0,467500.0
27001,442802.0,452991.0
27002,442215.0,447311.0
27003,453040.0,425471.0
27004,436500.0,422330.0
27005,414117.0,468296.0
27006,438931.0,390954.0
27007,435599.0,467047.0
27008,441574.0,474807.0
27009,456845.0,455373.0
27010,462700.0,494400.0
27011,421957.0,448831.0
27012,397300.0,430900.0
27013,428900.0,395700.0
27014,474300.0,477100.0
27015,471162.0,455628.0
27016,425300.0,399200.0
27017,428687.0,390594.0
27018,402424.0,418737.0
27019,403300.0,416600.0
27020,423600.0,404700.0
27021,456977.0,403973.0
27022,442682.0,392768.0
27023,434970.0,407279.0
27024,414641.0,500620.0
27025,443213.0,385749.0
27026,439339.0,374468.0
27027,411219.0,448140.0
27028,428057.0,434020.0
27029,412434.0,421966.0
27030,447677.0,402022.0
27031,417391.0,419921.0
27032,402481.0,464255.0
27033,502712.0,490737.0
27034,419062.0,485989.0
27035,401106.0,445684.0
27038,477405.0,483621.0
27040,444290.0,374600.0
27041,473112.0,458712.0
27042,470468.0,485533.0
27043,409146.0,449298.0
27044,472491.0,447392.0
27047,383309.0,488292.0
27048,498871.0,484988.0
27049,469439.0,479196.0
27050,486573.0,508144.0
27051,428386.0,451880.0
27052,437638.0,374771.0
27053,423007.0,460316.0
27054,465151.0,490255.0
27055,455997.0,488365.0
27056,479106.0,481952.0
27057,473581.0,482152.0
27058,466136.0,481011.0
27059,430294.0,470949.0
27060,450988.0,460295.0
27061,413644.0,416110.0
27062,448247.0,456080.0
27063,405777.0,463931.0
27064,455064.0,416309.0
27065,414229.0,415754.0
27066,439278.0,391355.0
27067,435755.0,386369.0
27068,403547.0,418938.0
27069,437579.0,484363.0
27071,442503.0,473339.0
27072,406369.0,440866.0
27073,493627.0,479462.0
27074,422476.0,421023.0
27075,430621.0,490249.0
27076,476061.0,444429.0
27077,415123.0,437472.0
27079,440828.0,425695.0
27080,438170.0,428169.0
27081,436447.0,428102.0
27082,441924.0,472437.0
27083,461239.0,454337.0
27084,402035.0,445263.0
27085,442199.0,476603.0
27086,431570.0,470949.0
27087,483290.0,477405.0
27088,401160.0,426050.0
27089,447706.0,444103.0
27090,422618.0,499315.0
27091,440132.0,452956.0
27092,487316.0,508248.0
27094,435094.0,492105.0
27095,479664.0,484039.0
27096,398561.0,464970.0
27097,410436.0,439458.0
27098,424300.0,421500.0
27099,481200.0,473100.0
28001,419810.0,385090.0
28002,410890.0,319170.0
28003,416940.0,291460.0
28004,420600.0,293500.0
28005,417300.0,310500.0
28006,399360.0,323090.0
28007,444800.0,329960.0
28008,411240.0,339670.0
28009,462010.0,339960.0
28010,435600.0,336300.0
28011,429600.0,358600.0
28012,413210.0,317720.0
28014,397540.0,321530.0
28015,469010.0,389520.0
28016,464100.0,389700.0
28017,478750.0,347710.0
28018,423740.0,328840.0
28019,423910.0,320390.0
28020,410310.0,338900.0
28021,444250.0,332790.0
28022,480430.0,360560.0
28023,418250.0,369680.0
28024,461510.0,312460.0
28025,432080.0,299610.0
28026,426280.0,303340.0
28027,448250.0,336430.0
28028,460300.0,310900.0
28029,450300.0,327700.0
28030,446600.0,317100.0
28031,413980.0,350720.0
28032,455840.0,368000.0
28033,406320.0,366830.0
28035,454970.0,339290.0
28036,469990.0,375250.0
28037,421150.0,382120.0
28038,410600.0,359500.0
28039,407070.0,284710.0
28040,389170.0,346670.0
28041,408290.0,350160.0
28043,426060.0,368360.0
28044,457130.0,371400.0
28045,468100.0,373200.0
28046,414710.0,351000.0
28047,461470.0,387550.0
28048,437540.0,352000.0
28049,457520.0,379490.0
28050,464580.0,401220.0
28052,388350.0,326980.0
28053,392191.0,314433.0
28055,431940.0,344640.0
28056,458060.0,312130.0
28058,417530.0,346220.0
28059,454800.0,362300.0
28060,465290.0,347950.0
28061,398234.0,351970.0
28066,418170.0,287360.0
28067,444130.0,331650.0
28070,425900.0,380400.0
28072,471490.0,353940.0
28074,449160.0,326250.0
28079,387500.0,329073.0
28080,420800.0,293700.0
28081,401400.0,295690.0
28082,454200.0,297320.0
28083,388570.0,335500.0
28085,435390.0,336880.0
28086,458810.0,297680.0
28087,406042.0,291887.0
28091,463145.0,387128.0
28093,456550.0,318060.0
28095,418100.0,305170.0
28102,421210.0,291150.0
28103,424290.0,350160.0
28109,379286.0,329760.0
28110,396130.0,320230.0
28115,455970.0,363620.0
28116,466320.0,370400.0
28117,433140.0,354560.0
28118,464700.0,371210.0
29001,525280.0,401600.0
29002,541600.0,379310.0
29003,533700.0,387900.0
29004,503210.0,391180.0
29005,503210.0,391180.0
29009,503210.0,387470.0
30001,484200.0,347960.0
30002,506600.0,376600.0
30003,524080.0,360970.0
30004,540170.0,367590.0
30005,492700.0,333500.0
30006,508800.0,348430.0
30011,524590.0,379430.0
30012,512660.0,373930.0
30013,504040.0,369510.0
30014,512792.0,331246.0
30015,492460.0,329680.0
30017,492880.0,324600.0
30033,492900.0,354570.0
31001,485300.0,294100.0
31002,510620.0,314870.0
31004,509590.0,307720.0
31005,497010.0,299620.0
31006,503770.0,309720.0
31007,494820.0,299910.0
31008,506790.0,315980.0
31009,507350.0,311220.0
31010,496070.0,303020.0
31013,503800.0,327300.0
31016,495710.0,308880.0
31021,481880.0,291570.0
31022,474050.0,286670.0
31023,496580.0,325840.0
31024,502680.0,314730.0
31025,487410.0,305070.0
31026,487810.0,307250.0
31028,495080.0,308250.0
32001,516650.0,297190.0
32002,506700.0,293300.0
32003,498360.0,279840.0
32004,489920.0,271250.0
32006,472080.0,259190.0
32007,474900.0,261360.0
32008,462750.0,260700.0
32010,508060.0,299550.0
32012,473600.0,257100.0
32019,487200.0,276300.0
32020,508900.0,299500.0
32029,465600.0,260400.0
32031,472600.0,257740.0
33001,536962.0,272740.0
33002,505353.0,249560.0
33003,550795.0,265696.0
33004,564898.0,275686.0
33005,473463.0,235314.0
33006,577107.0,296526.0
33007,572348.0,311976.0
33009,494993.0,256463.0
33011,589242.0,280188.0
33012,515607.0,263134.0
33013,589559.0,279048.0
33014,575805.0,272944.0
33015,488186.0,240799.0
33016,544976.0,259325.0
33017,531396.0,270563.0
33018,471144.0,248673.0
33019,587961.0,283000.0
33020,520832.0,271757.0
33021,541538.0,252368.0
33022,515288.0,250922.0
33023,566235.0,273254.0
33024,546686.0,250642.0
33025,569494.0,325633.0
33026,521661.0,266946.0
33027,533301.0,248518.0
33028,514241.0,239310.0
33029,571602.0,300623.0
33030,494001.0,225948.0
33031,488837.0,240914.0
33032,568523.0,337484.0
33033,519004.0,237883.0
33034,585089.0,284362.0
33035,558775.0,301011.0
33037,487662.0,244233.0
33039,516004.0,253461.0
33040,526645.0,240047.0
33044,595681.0,285495.0
33045,602763.0,287794.0
33046,599615.0,292300.0
33048,592791.0,290686.0
33049,583407.0,295285.0
33050,563197.0,270227.0
33051,550523.0,242645.0
33052,555298.0,262893.0
33053,547084.0,251462.0
33054,568007.0,325264.0
33055,551018.0,250396.0
33056,553078.0,262807.0
33057,491690.0,224077.0
33058,488293.0,232162.0
33061,540218.0,245980.0
33062,540309.0,245563.0
33063,595497.0,280786.0
33064,535902.0,246674.0
33065,518531.0,229011.0
33066,557146.0,246348.0
33068,529642.0,240965.0
33070,584766.0,267226.0
34001,618230.0,308230.0
34002,622583.0,299391.0
34003,619214.0,329614.0
34004,617682.0,312740.0
34005,616966.0,311275.0
34006,622906.0,281137.0
34007,617520.0,277092.0
34008,633119.0,327041.0
34010,616787.0,278241.0
34011,591936.0,329335.0
34012,584198.0,342742.0
34014,602085.0,318419.0
34018,594432.0,341388.0
34019,626693.0,319368.0
35001,615427.0,244110.0
35002,632162.0,253350.0
35003,636008.0,260105.0
35004,636014.0,258271.0
35008,605756.0,257940.0
35010,612673.0,246529.0
35011,614338.0,241975.0
35013,640622.0,276880.0
35014,627049.0,242001.0
36001,604200.0,234000.0
36002,584576.0,247224.0
36003,598528.0,237881.0
36004,586785.0,245940.0
36005,602441.0,242918.0
36006,602067.0,234431.0
36007,584785.0,242156.0
36008,582733.0,246341.0
36009,591353.0,252546.0
36010,568927.0,241819.0
36011,569640.0,244098.0
36012,570848.0,245012.0
36013,603229.0,235408.0
36015,589681.0,235757.0
37001,541499.0,188348.0
37002,579471.0,209024.0
37003,578645.0,210753.0
37004,583515.0,209016.0
37005,596249.0,226113.0
37006,569009.0,207165.0
37007,568679.0,206010.0
37008,571303.0,207126.0
37009,581753.0,214748.0
37010,584463.0,215816.0
37011,562886.0,223350.0
37012,577101.0,236407.0
37013,575534.0,205471.0
37014,556172.0,204100.0
37015,554835.0,203526.0
37016,566865.0,231314.0
37017,579291.0,224292.0
37018,555163.0,186177.0
37019,551533.0,185330.0
37020,567088.0,219360.0
37021,598493.0,220530.0
37022,618030.0,221135.0
37023,544137.0,195572.0
37024,585513.0,229784.0
37025,582258.0,227549.0
37026,607928.0,220758.0
37027,605442.0,221395.0
37028,610926.0,219303.0
37029,613449.0,215989.0
37031,574811.0,193386.0
37033,585856.0,188875.0
37034,559619.0,180384.0
37038,567192.0,200020.0
38001,539074.0,209193.0
38002,539360.0,214840.0
38003,528256.0,213276.0
38004,535990.0,217444.0
38005,538000.0,213800.0
38006,533500.0,215800.0
38007,543166.0,210394.0
38011,522646.0,216944.0
38012,527488.0,221164.0
38013,511780.0,218590.0
38014,534361.0,193703.0
38015,535500.0,193200.0
38016,550043.0,224738.0
38017,518410.0,221210.0
38018,529980.0,209950.0
38019,535400.0,193200.0
38020,538710.0,199982.0
38021,535980.0,198500.0
38022,534050.0,192540.0
38023,535668.0,188039.0
38024,537040.0,198870.0
38025,534000.0,192500.0
38026,549535.0,212702.0
38027,539156.0,209271.0
38028,550537.0,224047.0
38029,539125.0,224786.0
38030,532503.0,213143.0
38031,538520.0,209830.0
38032,535177.0,187240.0
38033,511946.0,218235.0
39001,517780.0,169850.0
39002,456880.0,193620.0
39003,526555.0,170541.0
39004,529630.0,165480.0
39005,521614.0,171745.0
39006,440179.0,201858.0
39007,473090.0,164780.0
39008,444499.0,208703.0
39009,490900.0,179700.0
39010,505180.0,186360.0
39011,487450.0,143270.0
39012,518192.0,168783.0
39013,512108.0,198118.0
39014,515077.0,201969.0
39015,473356.0,152176.0
39016,464959.0,170828.0
39017,468052.0,221115.0
39018,448600.0,196900.0
39019,447033.0,168219.0
39020,412147.0,206228.0
39021,448207.0,218315.0
39022,472011.0,165260.0
39023,489597.0,186679.0
39024,528800.0,140200.0
39025,456783.0,164772.0
39026,445832.0,241068.0
39027,463450.0,176580.0
39028,432130.0,168520.0
39029,499998.0,147828.0
39030,508243.0,195241.0
39031,441106.0,173066.0
39032,439000.0,174500.0
39033,445266.0,169473.0
39034,444816.0,209933.0
39035,407574.0,196292.0
39036,504543.0,146821.0
39037,418705.0,168631.0
39038,467000.0,205500.0
39039,485290.0,193680.0
39040,409401.0,194229.0
39042,422700.0,199320.0
39043,429500.0,171020.0
39044,475530.0,159181.0
39046,451702.0,194623.0
39049,521705.0,189500.0
39051,447500.0,234600.0
39052,485350.0,171250.0
39053,527090.0,143280.0
39054,526029.0,139806.0
39055,508300.0,184600.0
39056,537225.0,173255.0
39057,510312.0,177840.0
39058,537214.0,172598.0
39061,437486.0,185325.0
39065,464225.0,191613.0
39068,517990.0,150160.0
39069,526245.0,146209.0
39071,400746.0,197314.0
39072,498040.0,177240.0
39073,402013.0,202863.0
39074,410585.0,195042.0
39076,430140.0,210658.0
39077,419265.0,169837.0
39078,483673.0,146263.0
39079,506850.0,164830.0
39081,448148.0,196667.0
39084,523610.0,188025.0
39085,526600.0,170300.0
39086,528519.0,141717.0
39087,412100.0,193520.0
39088,506573.0,194809.0
39089,505326.0,207648.0
39090,420820.0,196950.0
39091,497500.0,196300.0
39092,524000.0,189567.0
39093,520194.0,185052.0
39094,515455.0,173487.0
39095,539485.0,174878.0
39096,519359.0,186216.0
39097,423000.0,198100.0
39098,506200.0,182600.0
39099,407705.0,201331.0
39100,399667.0,192686.0
39101,428901.0,171719.0
39102,504764.0,186658.0
39103,447164.0,167172.0
39104,513058.0,166063.0
39105,461190.0,205030.0
39106,516110.0,156410.0
39107,521590.0,163300.0
39108,402150.0,205710.0
39109,408015.0,211237.0
39110,415023.0,201207.0
39111,503497.0,171328.0
39112,437270.0,185150.0
39113,438270.0,185996.0
39114,453762.0,173025.0
39115,455595.0,171045.0
39116,464210.0,174075.0
39117,501899.0,172265.0
39118,471667.0,139431.0
39119,472356.0,139526.0
39120,472873.0,138390.0
39121,509931.0,167056.0
39122,499970.0,146270.0
39123,488068.0,155852.0
39125,510916.0,211904.0
39126,510676.0,211714.0
39127,493421.0,198458.0
39128,506030.0,164990.0
39129,443830.0,206730.0
39130,471802.0,174065.0
39131,514914.0,182238.0
39134,540566.0,168740.0
39135,541012.0,172227.0
39137,509641.0,184386.0
39138,477800.0,176800.0
39140,452320.0,213730.0
39141,499370.0,149500.0
39142,416073.0,220936.0
39143,417996.0,219619.0
39144,446282.0,236901.0
39145,511188.0,184538.0
39146,453184.0,186483.0
39147,486900.0,208300.0
40001,540700.0,135300.0
40002,572200.0,121300.0
40003,570865.0,153033.0
40004,577250.0,124410.0
40005,575870.0,147770.0
40006,563168.0,149612.0
40007,551780.0,140590.0
40008,604880.0,147000.0
40009,571789.0,139960.0
40010,552012.0,143688.0
40011,611549.0,155356.0
40012,555222.0,171842.0
40013,552497.0,158426.0
40014,627554.0,157585.0
40015,605469.0,160732.0
40016,551059.0,174556.0
40017,567855.0,124005.0
40018,553029.0,164280.0
40020,552187.0,136570.0
40021,581330.0,129020.0
40022,599229.0,142280.0
40023,601513.0,140704.0
40024,563269.0,135669.0
40025,581279.0,117749.0
40027,617391.0,162459.0
40029,576290.0,155630.0
40033,630043.0,143019.0
41001,566193.0,112875.0
41002,568405.0,114145.0
41003,553288.0,105159.0
41004,543421.0,114808.0
41005,542907.0,121374.0
41006,545871.0,119006.0
41009,503425.0,117946.0
41010,517842.0,119741.0
41011,485220.0,122904.0
41012,521884.0,118985.0
41013,567173.0,113769.0
41014,504692.0,122929.0
41015,475505.0,107388.0
41016,561135.0,115076.0
41017,576500.0,110200.0
41018,504400.0,125600.0
41019,511722.0,133150.0
41020,542351.0,116107.0
41021,544823.0,115361.0
41022,493124.0,122259.0
41023,487062.0,106450.0
41024,533477.0,128613.0
41025,505995.0,130912.0
41026,537653.0,126163.0
41027,477230.0,127032.0
41028,521667.0,117269.0
41029,557642.0,113034.0
41030,533288.0,128283.0
41031,524751.0,111408.0
41033,487958.0,117464.0
41034,478600.0,110400.0
41035,512963.0,132526.0
41037,540329.0,109584.0
42001,458746.0,107460.0
42003,431780.0,101920.0
42004,435410.0,118860.0
42005,431100.0,133020.0
42006,458927.0,114112.0
42007,457433.0,132607.0
42008,457362.0,132235.0
42009,456875.0,132346.0
42010,446129.0,121122.0
42011,452280.0,114926.0
42012,437890.0,139230.0
42014,432816.0,117381.0
42015,449600.0,139400.0
42016,451110.0,132500.0
42017,471065.0,106790.0
42018,444285.0,117465.0
42019,438876.0,113343.0
42020,436230.0,121220.0
42023,444470.0,115340.0
42024,438500.0,139390.0
42025,472100.0,107200.0
42026,433400.0,131330.0
42027,442150.0,142240.0
43001,414389.0,105399.0
43003,415868.0,114355.0
43004,415685.0,130383.0
43005,415109.0,141387.0
43006,409725.0,130794.0
43007,411233.0,96046.0
43008,408628.0,134249.0
43009,382005.0,114692.0
43010,400689.0,108568.0
43011,416501.0,126502.0
43012,390858.0,142759.0
43013,418367.0,93387.0
43014,413351.0,155948.0
43017,413353.0,155938.0
43018,400825.0,100698.0
43019,380819.0,127790.0
43021,415607.0,94304.0
43022,412623.0,96894.0
43024,397516.0,139371.0
43025,416080.0,108301.0
43801,397070.0,140150.0
43806,385620.0,137960.0
44001,386727.0,86839.0
44002,391322.0,87609.0
44003,347014.0,92756.0
44004,370848.0,90331.0
44006,363239.0,99649.0
44008,362982.0,89732.0
44009,366644.0,83888.0
44011,347014.0,92756.0
44013,371855.0,96463.0
44014,382220.0,93369.0
44015,353760.0,100030.0
45001,293602.0,101602.0
45002,294281.0,117801.0
45003,302066.0,105773.0
45004,326208.0,95324.0
45005,308665.0,88435.0
45006,291900.0,135600.0
45007,292246.0,91881.0
45008,311454.0,98573.0
45009,293493.0,125960.0
45010,295200.0,129400.0
45011,292695.0,125832.0
45012,290093.0,96723.0
45013,308810.0,97112.0
45816,298820.0,128880.0
45817,298830.0,128970.0
45818,298030.0,132640.0
46002,285566.0,74554.0
46003,275112.0,65841.0
46005,265712.0,77570.0
46006,264158.0,53219.0
46007,264343.0,74197.0
46008,271879.0,47584.0
46013,280987.0,78672.0
46014,285722.0,78513.0
47001,242627.0,72524.0
47002,234298.0,88604.0
47003,247498.0,65034.0
47004,236849.0,62571.0
47005,233721.0,86613.0
47006,238896.0,84249.0
47007,257416.0,51110.0
47008,239783.0,85516.0
47009,234468.0,59634.0
47010,229006.0,99099.0
47011,252141.0,61175.0
47013,224416.0,76393.0
47014,251312.0,69888.0
47015,247613.0,68174.0
47016,245968.0,73115.0
47017,241890.0,89810.0
47018,241625.0,86663.0
47019,235312.0,84864.0
47020,235911.0,77075.0
47021,233003.0,85110.0
47022,255154.0,57654.0
47023,228319.0,105513.0
47024,248301.0,74511.0
47025,244580.0,94220.0
48001,222743.0,69816.0
48003,192107.0,44747.0
48004,215951.0,67373.0
48005,181975.0,45030.0
48006,165543.0,27359.0
48007,176228.0,37642.0
48009,218436.0,65995.0
48010,229956.0,59471.0
48011,209796.0,62454.0
48012,193730.0,50600.0
48801,167570.0,31120.0
48803,177440.0,41280.0
49001,201748.0,68159.0
49002,154881.0,34171.0
49003,213262.0,76556.0
49004,182866.0,59268.0
49005,176841.0,52883.0
49006,210671.0,83875.0
50001,260795.0,123662.0
50002,249955.0,118564.0
50003,263353.0,93831.0
50005,255676.0,90326.0
50006,266011.0,121039.0
50007,267293.0,106820.0
50008,252770.0,101392.0
50009,250060.0,99910.0
50010,250672.0,106976.0
50011,259185.0,101918.0
50012,277430.0,126655.0
50013,267727.0,139915.0
50014,259530.0,135620.0
51001,308848.0,142865.0
51002,289849.0,145826.0
51003,304008.0,139474.0
52001,352704.0,145806.0
52002,355653.0,111646.0
52003,320647.0,125236.0
52004,336054.0,118785.0
52005,320576.0,125023.0
52006,357328.0,116182.0
52007,346070.0,114438.0
52008,304430.0,131240.0
52009,349838.0,143850.0
52010,358994.0,131756.0
52011,349814.0,129055.0
52014,307848.0,120279.0
52015,348301.0,171565.0
52016,322149.0,138193.0
52017,345174.0,163065.0
52020,357100.0,110000.0
52025,311325.0,127009.0
52026,367932.0,140970.0
53001,390298.0,164102.0
53002,390737.0,160543.0
53003,375100.0,165100.0
53004,364801.0,164723.0
53005,376315.0,161132.0
53006,363753.0,177202.0
53007,380519.0,156427.0
53008,396483.0,183310.0
53009,374033.0,157995.0
53013,395536.0,172969.0
53017,368142.0,169866.0
53018,378533.0,167023.0
53019,394883.0,186569.0
53020,393730.0,184029.0
53022,373837.0,165101.0
53023,389139.0,187031.0
53024,391444.0,189329.0
53025,375736.0,149106.0
53026,366732.0,182203.0
53028,381408.0,168806.0
53029,385436.0,157893.0
54001,378230.0,276160.0
54002,404007.0,243741.0
54003,301882.0,319027.0
54004,433155.0,273096.0
54005,341190.0,314460.0
54006,383010.0,276830.0
54007,408638.0,253580.0
54008,359770.0,268520.0
54010,420833.0,250643.0
54011,386860.0,261930.0
54012,359180.0,312280.0
54013,294400.0,285500.0
54014,316481.0,295777.0
54015,392693.0,246252.0
54016,358910.0,314170.0
54017,377664.0,223340.0
54018,346570.0,309230.0
54019,433287.0,271535.0
54020,343440.0,319240.0
54022,285300.0,287200.0
54023,406291.0,244920.0
54024,374600.0,295340.0
54025,294985.0,282492.0
54026,389167.0,226371.0
54027,383014.0,204627.0
54028,325294.0,319641.0
54029,373490.0,255730.0
54032,386349.0,239041.0
54034,377100.0,276420.0
54036,402368.0,240680.0
54038,325230.0,322440.0
54040,368070.0,320490.0
54041,364920.0,323140.0
54043,386300.0,239900.0
54044,362850.0,331480.0
54045,334680.0,330250.0
54046,378030.0,304670.0
54047,340300.0,322300.0
54048,427271.0,255587.0
54049,430858.0,265437.0
54050,438853.0,268829.0
54052,362850.0,331490.0
54053,351000.0,275200.0
54054,345470.0,278980.0
54057,384491.0,227878.0
54058,364400.0,326000.0
54059,365400.0,322300.0
54060,363480.0,322190.0
54061,362800.0,328800.0
54062,363700.0,328000.0
54063,386700.0,286150.0
54065,356500.0,324100.0
54066,362800.0,322900.0
54067,386120.0,290560.0
54069,338700.0,329700.0
54070,343200.0,319800.0
54080,298949.0,285181.0
54081,291330.0,286804.0
54083,367800.0,314100.0
54084,361677.0,207481.0
54085,360900.0,211500.0
54087,366700.0,322780.0
54088,368232.0,198741.0
54089,392065.0,237238.0
54090,284300.0,287600.0
54091,284300.0,287800.0
54092,284600.0,287300.0
54094,364050.0,317540.0
54095,364550.0,304400.0
54096,387020.0,263140.0
54097,283100.0,286900.0
54098,375075.0,203576.0
54099,377980.0,319270.0
54100,374650.0,323860.0
54102,456355.0,277779.0
54106,426042.0,240517.0
54110,386798.0,230103.0
54111,450292.0,276636.0
54114,429912.0,265296.0
54906,382900.0,276800.0
54907,408600.0,253600.0
55001,353500.0,209000.0
55002,348500.0,238799.0
55003,354871.0,240585.0
55004,289048.0,246014.0
55005,296900.0,267600.0
55006,292600.0,264500.0
55007,307580.0,244490.0
55008,282900.0,283800.0
55009,341900.0,225100.0
55010,284418.0,282504.0
55011,310458.0,268284.0
55012,299507.0,250766.0
55013,332821.0,258500.0
55014,336432.0,264689.0
55015,327668.0,229443.0
55016,302455.0,257784.0
55017,299800.0,253100.0
55018,361482.0,242705.0
55020,346166.0,259900.0
55021,350208.0,258942.0
55022,350247.0,211226.0
55023,352769.0,211077.0
55025,316611.0,237596.0
55026,297580.0,267584.0
55027,364065.0,225717.0
55028,366665.0,248863.0
55029,341609.0,224831.0
55030,291000.0,262000.0
55031,349122.0,241454.0
55032,292817.0,264605.0
55033,282400.0,285300.0
55034,282400.0,284200.0
55035,282600.0,285400.0
55036,356017.0,219344.0
56001,334606.0,205591.0
56002,325868.0,188879.0
56003,305100.0,229700.0
56004,312660.0,220398.0
56005,332964.0,192432.0
56006,294726.0,229547.0
56007,292826.0,225467.0
56011,320600.0,191200.0
56012,324054.0,217590.0
56013,300348.0,230405.0
56014,283989.0,229047.0
56015,338475.0,201090.0
56019,320975.0,201467.0
57001,306000.0,211700.0
57002,301186.0,211166.0
57003,313165.0,181810.0
57004,307940.0,195652.0
57005,307924.0,189715.0
57006,305283.0,190946.0
57007,308920.0,195153.0
57008,322422.0,182122.0
57009,312103.0,177055.0
57010,303359.0,182684.0
57014,315596.0,198381.0
57015,304308.0,206814.0
57017,293259.0,198687.0
57803,305300.0,182400.0
58001,290379.0,179437.0
58002,281529.0,201698.0
58003,291394.0,177981.0
58004,279109.0,192976.0
58005,290368.0,184425.0
58006,291491.0,208183.0
58007,289076.0,185478.0
58008,277850.0,200761.0
58009,291991.0,178217.0
58010,296954.0,213333.0
58011,301738.0,171662.0
58012,277124.0,190976.0
59001,268553.0,199798.0
59002,262330.0,212672.0
60001,249144.0,220397.0
60002,250870.0,222490.0
60003,223831.0,216034.0
60004,228982.0,217489.0
60005,277129.0,234341.0
60006,243036.0,221947.0
60007,276187.0,236244.0
60008,278559.0,247241.0
60009,271212.0,226573.0
60010,248509.0,220576.0
60012,265023.0,243991.0
60013,253717.0,230111.0
61001,195402.0,217700.0
61002,207226.0,215292.0
61003,200501.0,234913.0
62001,224419.0,241655.0
62002,243335.0,240655.0
63001,259024.0,277289.0
63002,260117.0,280362.0
63003,254184.0,269790.0
63004,279075.0,273700.0
64001,274489.0,301958.0
64002,263117.0,306604.0
64004,282528.0,304730.0
64006,263462.0,288050.0
64010,273529.0,326744.0
64011,281953.0,316316.0
65001,259164.0,347783.0
65004,248386.0,359889.0
65005,240013.0,340372.0
65006,249450.0,362269.0
65007,249866.0,342916.0
65008,260837.0,357960.0
65014,257426.0,350203.0
65015,244020.0,352353.0
66001,306988.0,370961.0
66002,302100.0,370400.0
66004,310501.0,371336.0
66005,312185.0,359214.0
66006,295240.0,371773.0
66011,280129.0,358077.0
66012,278605.0,353821.0
66025,304409.0,374894.0
67001,294087.0,335721.0
67002,335630.0,341310.0
67003,297465.0,353919.0
67005,329503.0,337318.0
67006,304077.0,343600.0
67008,333526.0,354047.0
67009,320408.0,366737.0
67010,284245.0,342049.0
67013,294600.0,334900.0
67015,334822.0,341459.0
67017,288077.0,339939.0
67018,287353.0,330798.0
67023,347909.0,359196.0
67025,339580.0,348249.0
67027,341764.0,360023.0
67028,303484.0,337154.0
67029,306630.0,340530.0
67033,341020.0,365973.0
68001,367171.0,363507.0
68002,344270.0,371410.0
68003,366758.0,371800.0
68004,367410.0,355200.0
68005,365254.0,343040.0
68006,384500.0,364380.0
68007,369700.0,375722.0
68010,328080.0,388010.0
68011,369640.0,379920.0
68015,349659.0,362434.0
68018,386100.0,363272.0
68020,344830.0,371113.0
68021,325300.0,389300.0
68044,393092.0,363617.0
69001,372760.0,393550.0
69002,382419.0,398759.0
69003,384120.0,399190.0
69004,402300.0,397100.0
69005,368498.0,393886.0
69006,372668.0,387533.0
69007,377239.0,393563.0
69008,384625.0,383001.0
69011,385510.0,388900.0
69012,384970.0,381491.0
69013,372554.0,390458.0
69015,396241.0,390768.0
69017,396370.0,389790.0
69019,375270.0,398040.0
69020,384884.0,397531.0
69022,379126.0,420167.0
69023,380690.0,407740.0
69024,374339.0,406819.0
69025,382069.0,400349.0
69027,390699.0,391870.0
69028,388469.0,390036.0
69030,358748.0,392213.0
69032,339160.0,398332.0
69033,336020.0,401380.0
69035,379720.0,410880.0
69037,362833.0,388352.0
69039,386300.0,398700.0
69041,393726.0,395361.0
69042,385000.0,417460.0
69043,384850.0,399691.0
69044,379987.0,411393.0
69045,373052.0,387054.0
69046,373336.0,412222.0
69047,394012.0,416543.0
69048,399497.0,405118.0
69803,388200.0,412700.0
70001,363100.0,411900.0
70002,347622.0,412572.0
70003,358617.0,406027.0
70004,349884.0,417943.0
70005,349691.0,419658.0
71001,358922.0,430412.0
71002,371937.0,454572.0
71003,370600.0,454600.0
71004,372926.0,436054.0
71005,374500.0,456500.0
71006,372190.0,439170.0
71008,370410.0,439923.0
71009,370249.0,437592.0
71010,383672.0,435144.0
71011,383861.0,455586.0
71013,367730.0,426210.0
71014,356453.0,427786.0
71015,365293.0,452891.0
72002,346329.0,441132.0
72003,360500.0,467900.0
72004,352935.0,465318.0
72005,362205.0,490633.0
72006,361490.0,477760.0
72007,351232.0,440548.0
72008,348800.0,444700.0
72009,361542.0,470082.0
72011,363945.0,491114.0
72014,348160.0,455371.0
72015,361210.0,502901.0
72016,350120.0,449989.0
72807,358600.0,468400.0
72817,350346.0,436402.0
73002,329450.0,488210.0
73003,350730.0,495540.0
73005,350877.0,487421.0
73006,336956.0,494055.0
73008,349620.0,480577.0
73009,351477.0,496106.0
73010,336599.0,486267.0
73011,352411.0,494470.0
73012,351700.0,493100.0
73013,337125.0,504195.0
73014,335965.0,503406.0
73015,352320.0,471893.0
73017,349935.0,496525.0
74001,319526.0,489585.0
74002,313558.0,503823.0
74003,308387.0,515393.0
74005,300909.0,506051.0
74006,303501.0,504491.0
74007,313100.0,497770.0
74008,320910.0,494720.0
75001,331320.0,519500.0
75002,303700.0,530500.0
75003,319878.0,532134.0
75004,313090.0,528090.0
75005,325194.0,523884.0
75006,324050.0,523930.0
75007,332260.0,524796.0
75009,328558.0,524216.0
75010,307430.0,523760.0
75016,314899.0,521430.0
75017,309600.0,538400.0
75018,301890.0,529447.0
76001,350759.0,515929.0
76002,347000.0,556700.0
76003,357569.0,530450.0
76004,352507.0,528562.0
76005,360452.0,528316.0
76007,339000.0,557103.0
76008,348619.0,558073.0
76009,337820.0,546860.0
76010,341184.0,554500.0
76011,369368.0,577778.0
76014,377300.0,509700.0
76015,347233.0,524963.0
76017,346810.0,555360.0
76019,338740.0,545010.0
76020,343561.0,551259.0
76021,376480.0,513130.0
76809,339480.0,552730.0
76811,346000.0,526300.0
77001,339050.0,571770.0
77002,339668.0,575053.0
77003,341457.0,575935.0
77004,328502.0,569268.0
77005,341199.0,566190.0
78001,312500.0,575500.0
78003,319047.0,570414.0
78004,307718.0,586862.0
78005,309070.0,584485.0
78006,309990.0,600900.0
79001,263100.0,605000.0
79002,292346.0,585121.0
79003,268410.0,612970.0
79004,284526.0,594078.0
79005,292860.0,579521.0
79006,285776.0,599307.0
79007,302656.0,569512.0
80001,282132.0,561018.0
80002,273360.0,564115.0
80003,246790.0,578120.0
80004,248057.0,579086.0
80005,245069.0,578706.0
80006,247811.0,579675.0
81001,212800.0,569400.0
81002,241266.0,565330.0
81003,218017.0,559917.0
81004,238212.0,554496.0
81005,210699.0,556333.0
81006,236287.0,574600.0
81007,259198.0,558998.0
82001,221670.0,599665.0
82002,233783.0,616035.0
82003,210749.0,583222.0
83002,229375.0,648738.0
83003,252522.0,625909.0
83004,250770.0,621755.0
83005,234524.0,636853.0
83006,236179.0,621634.0
83007,231579.0,642059.0
83008,235114.0,638426.0
83009,230685.0,642409.0
83010,253252.0,637188.0
83011,265989.0,626182.0
83012,262835.0,624204.0
83013,242996.0,636996.0
84001,255839.0,670532.0
84002,230900.0,663800.0
84003,283531.0,645323.0
84004,292837.0,642386.0
84005,270435.0,657942.0
84006,267150.0,674944.0
84007,275137.0,658572.0
84008,267959.0,660439.0
84009,280979.0,642910.0
84011,241470.0,666386.0
84012,249886.0,662918.0
84013,267184.0,661676.0
84014,275373.0,651879.0
84015,263792.0,673914.0
84016,273917.0,672559.0
84017,241123.0,662024.0
84018,289388.0,640314.0
84019,268097.0,662490.0
84020,265646.0,676198.0
84022,293046.0,625977.0
84023,267977.0,671609.0
84024,282817.0,667832.0
84025,266536.0,673437.0
84026,255850.0,673559.0
84027,276506.0,662603.0
84029,276486.0,647024.0
84030,257963.0,657501.0
84031,276317.0,646957.0
84032,255524.0,659581.0
84033,256863.0,661443.0
84034,254539.0,658950.0
84035,259565.0,656202.0
84036,256785.0,654929.0
84037,285567.0,633337.0
85001,239409.0,680307.0
85002,248465.0,686588.0
85003,232106.0,719470.0
85004,235635.0,692880.0
86001,214243.0,682016.0
86002,213930.0,684319.0
88001,179727.0,637673.0
89002,227099.0,742193.0
89003,224259.0,731917.0
89004,215033.0,729930.0
89005,219692.0,727471.0
89006,197143.0,713972.0
89007,195706.0,707536.0
89008,223886.0,727602.0
89009,220649.0,726481.0
90003,211592.0,774257.0
91002,214456.0,780478.0
91802,226100.0,778100.0
92001,166586.0,770178.0
92002,179208.0,768812.0
92003,182387.0,762932.0
92004,169765.0,748285.0
93001,194186.0,842885.0
93002,193875.0,830553.0
94001,186002.0,880330.0
94003,181910.0,872603.0
95001,214693.0,924921.0
95002,218407.0,884203.0
95003,216731.0,902604.0
95004,221229.0,910988.0
95005,225146.0,946532.0
95006,215423.0,895538.0
96001,289125.0,956081.0
96002,271363.0,956765.0
96003,283584.0,965145.0
96004,245314.0,942895.0
96005,235688.0,960107.0
96006,266743.0,958652.0
97002,313123.0,959561.0
101001,457700.0,85700.0
101002,450359.0,88113.0
101003,449090.0,88620.0
101004,458280.0,85320.0
101005,453120.0,83520.0
101006,453680.0,83770.0
101007,458300.0,85200.0
102001,242925.0,376857.0
105001,141496.0,848661.0
106001,140187.0,932508.0
106002,109930.0,897086.0
106003,76701.0,834768.0
107001,329532.0,1025280.0
108001,439470.0,1153000.0
201002,240562.0,375809.0
201005,246071.0,373048.0
201006,245943.0,372192.0
201007,237256.0,404779.0
201008,226512.0,384216.0
201009,241855.0,386684.0
201010,234779.0,395968.0
202001,267344.0,424637.0
202002,246411.0,415098.0
203010,281974.0,351941.0
203011,304877.0,409012.0
203012,292678.0,379835.0
203017,304300.0,351100.0
203018,314528.0,386672.0
203019,296292.0,403801.0
203020,295630.0,390521.0
203021,310534.0,397107.0
203022,262508.0,353031.0
203024,304793.0,347090.0
203025,289195.0,352421.0
203026,314900.0,372500.0
203027,309786.0,401503.0
203028,288337.0,419362.0
203029,328200.0,390200.0
203033,323388.0,334071.0
203038,324308.0,326500.0
203039,308836.0,410961.0
203040,293076.0,415349.0
203042,313472.0,376525.0
203043,277945.0,355679.0
203046,319747.0,385394.0
203049,320083.0,383640.0
203050,284723.0,433960.0
203092,305052.0,410966.0
203093,308614.0,389605.0
203097,304500.0,350400.0
204001,294191.0,436250.0
205003,329800.0,367900.0
205004,332872.0,369316.0
205005,326651.0,361265.0
205008,323635.0,352493.0
205010,312300.0,354000.0
205011,344853.0,350808.0
205015,352360.0,381797.0
205020,345913.0,369708.0
205029,314216.0,359057.0
205034,337035.0,390058.0
205101,331790.0,372370.0
205105,337120.0,373201.0
206001,308536.0,331026.0
206002,306487.0,333187.0
206004,307413.0,329290.0
206006,335000.0,323100.0
236005,233195.0,335906.0
236007,220486.0,340003.0
236051,222927.0,350868.0
